{
  "submission_id": "38eeab3f-b2b3-4314-a91c-b5b759e7d85f",
  "model": "google/gemini-3.1-pro-preview",
  "provider": "google",
  "timestamp": "2026-04-11T01:32:48.500514+00:00",
  "openclaw_version": "",
  "benchmark_version": "0.4.0.dev1",
  "environment": {
    "task_count": 3,
    "pool": "all",
    "scenario": "all",
    "artifact_type": "all",
    "prompt_variant": "clear",
    "judge_model": "anthropic/claude-sonnet-4-6",
    "subsets": [],
    "capabilities": [],
    "official_only": false
  },
  "overall_score": 0.40547000000000005,
  "overall_completion": 0.11109999999999999,
  "overall_trajectory": 0.47000000000000003,
  "overall_behavior": 1.0,
  "judge_model": "anthropic/claude-sonnet-4-6",
  "overall_judge_score": 0.03333333333333333,
  "overall_judge_confidence": 0.9333333333333332,
  "overall_judge_pass_rate": 0.0,
  "judge_task_coverage": 1.0,
  "judge_error_count": 0,
  "overall_reliability": 0.20000000000000004,
  "overall_weighted_query_score": 0.40547000000000005,
  "overall_median_latency_ms": 65623.33333333333,
  "overall_p95_latency_ms": 65623.33333333333,
  "overall_input_tokens": 58498.0,
  "overall_output_tokens": 2076.6666666666665,
  "overall_reasoning_tokens": 0.0,
  "overall_total_tokens": 229219.33333333334,
  "overall_cost_usd": 0.17564493333333334,
  "overall_tokens_per_pass": 0.0,
  "overall_cost_per_pass": 0.0,
  "overall_worst_of_n": 0.42829999999999996,
  "public_dev_score": 0.40547000000000005,
  "official_hidden_score": 0.0,
  "clear_prompt_score": 0.40547000000000005,
  "ambiguous_prompt_score": 0.0,
  "consensus_subset_score": 0.38153000000000004,
  "hard_subset_score": 0.0,
  "overall_delivery_outcome_counts": {
    "fail": 1,
    "partial": 2
  },
  "overall_failure_mode_counts": {
    "verification_skipped": 3
  },
  "overall_ci_lower": 0.31601000000000007,
  "overall_ci_upper": 0.4533500000000001,
  "overall_pass_hat_k": 0.0,
  "tier_results": [
    {
      "tier": "tier1",
      "mean_task_score": 0.40547000000000005,
      "mean_completion": 0.11109999999999999,
      "mean_trajectory": 0.47000000000000003,
      "mean_behavior": 1.0,
      "mean_judge": 0.03333333333333333,
      "mean_reliability": 0.20000000000000004,
      "ci_lower": 0.31601000000000007,
      "ci_upper": 0.4533500000000001,
      "pass_hat_k_rate": 0.0,
      "task_stats": [
        {
          "task_id": "t1-refactor-csv-loader",
          "tier": "tier1",
          "family": "coding",
          "scenario": "coding_dev_assist",
          "subscenario": "refactor_without_regression",
          "artifact_type": "code",
          "prompt_variant": "clear",
          "query_difficulty": "l2",
          "query_weight": 0.07,
          "pool": "public_dev",
          "subsets": [
            "consensus"
          ],
          "capabilities": [
            "refactor",
            "multifile_reasoning"
          ],
          "variant_group": "t1-refactor-csv-loader",
          "official": false,
          "runs": 1,
          "mean_completion_score": 0.0,
          "mean_trajectory_score": 0.32,
          "mean_behavior_score": 1.0,
          "mean_judge_score": 0.0,
          "mean_judge_confidence": 0.95,
          "judge_pass_rate": 0.0,
          "judged_runs": 1,
          "judge_error_count": 0,
          "mean_run_score": 0.3289,
          "reliability_score": 0.2,
          "variance_score": 1.0,
          "mean_task_score": 0.31601000000000007,
          "stddev": 0.0,
          "min_score": 0.3289,
          "max_score": 0.3289,
          "pass_at_1": false,
          "pass_rate": 0.0,
          "pass_hat_k": false,
          "scores": [
            0.3289
          ],
          "mean_duration_ms": 30590.0,
          "median_duration_ms": 30590.0,
          "p95_duration_ms": 30590.0,
          "mean_input_tokens": 26094.0,
          "mean_output_tokens": 1297.0,
          "mean_reasoning_tokens": 0.0,
          "mean_total_tokens": 71494.0,
          "mean_cost_usd": 0.07657259999999999,
          "tokens_per_pass": 0.0,
          "cost_per_pass": 0.0,
          "worst_of_n": 0.3289,
          "delivery_outcome_counts": {
            "fail": 1
          },
          "failure_mode_counts": {
            "verification_skipped": 1
          },
          "high_variance": false
        },
        {
          "task_id": "t1-bugfix-discount",
          "tier": "tier1",
          "family": "coding",
          "scenario": "coding_dev_assist",
          "subscenario": "bug_fixing",
          "artifact_type": "code",
          "prompt_variant": "clear",
          "query_difficulty": "l2",
          "query_weight": 0.07,
          "pool": "public_dev",
          "subsets": [
            "consensus"
          ],
          "capabilities": [
            "bugfix"
          ],
          "variant_group": "t1-bugfix-discount",
          "official": false,
          "runs": 1,
          "mean_completion_score": 0.0,
          "mean_trajectory_score": 0.7567,
          "mean_behavior_score": 1.0,
          "mean_judge_score": 0.0,
          "mean_judge_confidence": 0.95,
          "judge_pass_rate": 0.0,
          "judged_runs": 1,
          "judge_error_count": 0,
          "mean_run_score": 0.4745,
          "reliability_score": 0.2,
          "variance_score": 1.0,
          "mean_task_score": 0.44705,
          "stddev": 0.0,
          "min_score": 0.4745,
          "max_score": 0.4745,
          "pass_at_1": false,
          "pass_rate": 0.0,
          "pass_hat_k": false,
          "scores": [
            0.4745
          ],
          "mean_duration_ms": 62660.0,
          "median_duration_ms": 62660.0,
          "p95_duration_ms": 62660.0,
          "mean_input_tokens": 62780.0,
          "mean_output_tokens": 1088.0,
          "mean_reasoning_tokens": 0.0,
          "mean_total_tokens": 235508.0,
          "mean_cost_usd": 0.172944,
          "tokens_per_pass": 0.0,
          "cost_per_pass": 0.0,
          "worst_of_n": 0.4745,
          "delivery_outcome_counts": {
            "partial": 1
          },
          "failure_mode_counts": {
            "verification_skipped": 1
          },
          "high_variance": false
        },
        {
          "task_id": "t1-architecture-brief",
          "tier": "tier1",
          "family": "tools",
          "scenario": "coding_dev_assist",
          "subscenario": "codebase_summarization",
          "artifact_type": "file",
          "prompt_variant": "clear",
          "query_difficulty": "l1",
          "query_weight": 0.07,
          "pool": "public_dev",
          "subsets": [],
          "capabilities": [
            "multifile_reasoning",
            "structured_output",
            "research_synthesis"
          ],
          "variant_group": "t1-architecture-brief",
          "official": false,
          "runs": 1,
          "mean_completion_score": 0.3333,
          "mean_trajectory_score": 0.3333,
          "mean_behavior_score": 1.0,
          "mean_judge_score": 0.1,
          "mean_judge_confidence": 0.9,
          "judge_pass_rate": 0.0,
          "judged_runs": 1,
          "judge_error_count": 0,
          "mean_run_score": 0.4815,
          "reliability_score": 0.2,
          "variance_score": 1.0,
          "mean_task_score": 0.45335000000000003,
          "stddev": 0.0,
          "min_score": 0.4815,
          "max_score": 0.4815,
          "pass_at_1": false,
          "pass_rate": 0.0,
          "pass_hat_k": false,
          "scores": [
            0.4815
          ],
          "mean_duration_ms": 103620.0,
          "median_duration_ms": 103620.0,
          "p95_duration_ms": 103620.0,
          "mean_input_tokens": 86620.0,
          "mean_output_tokens": 3845.0,
          "mean_reasoning_tokens": 0.0,
          "mean_total_tokens": 380656.0,
          "mean_cost_usd": 0.2774182,
          "tokens_per_pass": 0.0,
          "cost_per_pass": 0.0,
          "worst_of_n": 0.4815,
          "delivery_outcome_counts": {
            "partial": 1
          },